{
    "WorkflowName": "SimulatorSerialFixedV3",
    "Nodes": [
        {
            "NodeId": "1",
            "NodeName": "Splitter",
            "Path": "examples/SerialSimulator/Splitter",
            "EntryPoint": "app.py",
            "CSP": "NA",
            "MemoryInMB": 1536,
            "IsAsync": false
        },
        {
            "NodeId": "2",
            "NodeName": "Transpiler",
            "Path": "examples/SerialSimulator/Transpiler",
            "EntryPoint": "app.py",
            "CSP": "NA",
            "MemoryInMB": 1536,
            "IsAsync": false
        },
        {
            "NodeId": "3",
            "NodeName": "Simulator",
            "Path": "examples/SerialSimulator/Simulator",
            "EntryPoint": "app.py",
            "CSP": "NA",
            "MemoryInMB": 1536,
            "IsAsync": false
        },
        {
            "NodeId": "4",
            "NodeName": "Reconstructor",
            "Path": "examples/SerialSimulator/Reconstructor",
            "EntryPoint": "app.py",
            "CSP": "NA",
            "MemoryInMB": 1536,
            "IsAsync": false
        },
        {
            "NodeId": "253",
            "NodeName": "CollectLogs",
            "Path": "/Users/tuhinkhare/Work/IISc/DREAM-Lab/XFaaS-Dev/XFaaS/serwo/examples/SerialSimulator/CollectLogs",
            "EntryPoint": "func.py",
            "CSP": "NA",
            "MemoryInMB": 128,
            "IsAsync": false
        }
    ],
    "Edges": [
        {
            "Splitter": [
                "Transpiler"
            ]
        },
        {
            "Transpiler": [
                "Simulator"
            ]
        },
        {
            "Simulator": [
                "Reconstructor"
            ]
        },
        {
            "Reconstructor": [
                "CollectLogs"
            ]
        }
    ]
}