{
    "repository": {
        "repositoryArn": "arn:aws:ecr:ap-south-1:235319806087:repository/test-func-quantum",
        "registryId": "235319806087",
        "repositoryName": "test-func-quantum",
        "repositoryUri": "235319806087.dkr.ecr.ap-south-1.amazonaws.com/test-func-quantum",
        "createdAt": 1698832348.0,
        "imageTagMutability": "MUTABLE",
        "imageScanningConfiguration": {
            "scanOnPush": true
        },
        "encryptionConfiguration": {
            "encryptionType": "AES256"
        }
    }
}